iso_time,close_usd
2025-09-13T00:00:00,4759.370000
2025-09-13T04:00:00,4714.550000
2025-09-13T08:00:00,4722.720000
2025-09-13T12:00:00,4657.260000
2025-09-13T16:00:00,4640.650000
2025-09-13T20:00:00,4669.520000
2025-09-14T00:00:00,4666.780000
2025-09-14T04:00:00,4654.100000
2025-09-14T08:00:00,4638.220000
2025-09-14T12:00:00,4584.550000
2025-09-14T16:00:00,4618.160000
2025-09-14T20:00:00,4606.440000
2025-09-15T00:00:00,4638.310000
2025-09-15T04:00:00,4599.700000
2025-09-15T08:00:00,4532.420000
2025-09-15T12:00:00,4501.650000
2025-09-15T16:00:00,4495.030000
2025-09-15T20:00:00,4525.150000
2025-09-16T00:00:00,4522.260000
2025-09-16T04:00:00,4514.640000
2025-09-16T08:00:00,4502.980000
2025-09-16T12:00:00,4469.480000
2025-09-16T16:00:00,4493.050000
2025-09-16T20:00:00,4503.240000
2025-09-17T00:00:00,4499.710000
2025-09-17T04:00:00,4546.290000
2025-09-17T08:00:00,4493.010000
2025-09-17T12:00:00,4491.660000
2025-09-17T16:00:00,4520.450000
2025-09-17T20:00:00,4592.500000
2025-09-18T00:00:00,4616.540000
2025-09-18T04:00:00,4577.150000
2025-09-18T08:00:00,4578.600000
2025-09-18T12:00:00,4602.040000
2025-09-18T16:00:00,4590.580000
2025-09-18T20:00:00,4590.130000
2025-09-19T00:00:00,4552.080000
2025-09-19T04:00:00,4541.400000
2025-09-19T08:00:00,4516.190000
2025-09-19T12:00:00,4477.400000
2025-09-19T16:00:00,4443.910000
2025-09-19T20:00:00,4471.900000
2025-09-20T00:00:00,4468.400000
2025-09-20T04:00:00,4486.550000
2025-09-20T08:00:00,4472.750000
2025-09-20T12:00:00,4501.200000
2025-09-20T16:00:00,4483.490000
2025-09-20T20:00:00,4483.420000
2025-09-21T00:00:00,4481.270000
2025-09-21T04:00:00,4481.280000
2025-09-21T08:00:00,4463.500000
2025-09-21T12:00:00,4485.640000
2025-09-21T16:00:00,4497.640000
2025-09-21T20:00:00,4447.770000
2025-09-22T00:00:00,4308.970000
2025-09-22T04:00:00,4196.990000
2025-09-22T08:00:00,4185.800000
2025-09-22T12:00:00,4171.270000
2025-09-22T16:00:00,4138.750000
2025-09-22T20:00:00,4203.110000
2025-09-23T00:00:00,4191.850000
2025-09-23T04:00:00,4208.630000
2025-09-23T08:00:00,4195.760000
2025-09-23T12:00:00,4184.030000
2025-09-23T16:00:00,4155.790000
2025-09-23T20:00:00,4165.970000
2025-09-24T00:00:00,4149.490000
2025-09-24T04:00:00,4176.940000
2025-09-24T08:00:00,4183.590000
2025-09-24T12:00:00,4168.330000
2025-09-24T16:00:00,4163.880000
2025-09-24T20:00:00,4154.990000
2025-09-25T00:00:00,4064.200000
2025-09-25T04:00:00,4010.310000
2025-09-25T08:00:00,4004.530000
2025-09-25T12:00:00,4006.230000
2025-09-25T16:00:00,3913.800000
2025-09-25T20:00:00,3876.830000
2025-09-26T00:00:00,3968.400000
2025-09-26T04:00:00,3942.500000
2025-09-26T08:00:00,3908.750000
2025-09-26T12:00:00,3948.730000
2025-09-26T16:00:00,4027.200000
2025-09-26T20:00:00,4035.000000
2025-09-27T00:00:00,4021.810000
2025-09-27T04:00:00,4010.650000
2025-09-27T08:00:00,4004.840000
2025-09-27T12:00:00,4021.260000
2025-09-27T16:00:00,4004.920000
2025-09-27T20:00:00,4021.190000
2025-09-28T00:00:00,4005.290000
2025-09-28T04:00:00,4016.600000
2025-09-28T08:00:00,3994.800000
2025-09-28T12:00:00,4023.560000
2025-09-28T16:00:00,4041.090000
2025-09-28T20:00:00,4144.200000
2025-09-29T00:00:00,4123.940000
2025-09-29T04:00:00,4110.300000
2025-09-29T08:00:00,4105.710000
2025-09-29T12:00:00,4168.080000
2025-09-29T16:00:00,4191.600000
2025-09-29T20:00:00,4218.360000
2025-09-30T00:00:00,4201.950000
2025-09-30T04:00:00,4185.340000
2025-09-30T08:00:00,4168.200000
2025-09-30T12:00:00,4122.020000
2025-09-30T16:00:00,4161.740000
2025-09-30T20:00:00,4146.640000
2025-10-01T00:00:00,4130.840000
2025-10-01T04:00:00,4148.310000
2025-10-01T08:00:00,4300.990000
2025-10-01T12:00:00,4330.650000
2025-10-01T16:00:00,4337.270000
2025-10-01T20:00:00,4350.990000
2025-10-02T00:00:00,4379.840000
2025-10-02T04:00:00,4378.910000
2025-10-02T08:00:00,4381.870000
2025-10-02T12:00:00,4440.850000
2025-10-02T16:00:00,4498.960000
2025-10-02T20:00:00,4487.970000
2025-10-03T00:00:00,4504.990000
2025-10-03T04:00:00,4466.340000
2025-10-03T08:00:00,4482.730000
2025-10-03T12:00:00,4539.440000
2025-10-03T16:00:00,4523.410000
2025-10-03T20:00:00,4517.190000
2025-10-04T00:00:00,4490.880000
2025-10-04T04:00:00,4501.900000
2025-10-04T08:00:00,4487.460000
2025-10-04T12:00:00,4458.540000
2025-10-04T16:00:00,4470.600000
2025-10-04T20:00:00,4489.810000
2025-10-05T00:00:00,4534.150000
2025-10-05T04:00:00,4608.110000
2025-10-05T08:00:00,4552.450000
2025-10-05T12:00:00,4534.290000
2025-10-05T16:00:00,4489.140000
2025-10-05T20:00:00,4516.370000
2025-10-06T00:00:00,4539.560000
2025-10-06T04:00:00,4535.610000
2025-10-06T08:00:00,4574.330000
2025-10-06T12:00:00,4676.130000
2025-10-06T16:00:00,4726.180000
2025-10-06T20:00:00,4686.950000
2025-10-07T00:00:00,4693.160000
2025-10-07T04:00:00,4681.660000
2025-10-07T08:00:00,4712.570000
2025-10-07T12:00:00,4515.020000
2025-10-07T16:00:00,4482.130000
2025-10-07T20:00:00,4450.750000
2025-10-08T00:00:00,4446.750000
2025-10-08T04:00:00,4465.720000
2025-10-08T08:00:00,4489.410000
2025-10-08T12:00:00,4448.980000
2025-10-08T16:00:00,4516.250000
2025-10-08T20:00:00,4527.860000
2025-10-09T00:00:00,4452.450000
2025-10-09T04:00:00,4428.140000
2025-10-09T08:00:00,4375.290000
2025-10-09T12:00:00,4317.040000
2025-10-09T16:00:00,4340.870000
2025-10-09T20:00:00,4371.270000
2025-10-10T00:00:00,4349.700000
2025-10-10T04:00:00,4325.960000
2025-10-10T08:00:00,4345.140000
2025-10-10T12:00:00,4105.300000
2025-10-10T16:00:00,3998.130000
2025-10-10T20:00:00,3836.620000
2025-10-11T00:00:00,3797.140000
2025-10-11T04:00:00,3762.990000
2025-10-11T08:00:00,3843.630000
2025-10-11T12:00:00,3828.710000
2025-10-11T16:00:00,3764.480000
2025-10-11T20:00:00,3751.090000
2025-10-12T00:00:00,3785.260000
2025-10-12T04:00:00,3831.600000
2025-10-12T08:00:00,3822.140000
2025-10-12T12:00:00,4036.940000
2025-10-12T16:00:00,4138.810000
2025-10-12T20:00:00,4156.170000
2025-10-13T00:00:00,4144.170000
2025-10-13T04:00:00,4181.500000
2025-10-13T08:00:00,4084.090000
2025-10-13T12:00:00,4139.380000
2025-10-13T16:00:00,4256.150000
2025-10-13T20:00:00,4245.160000
2025-10-14T00:00:00,4157.090000
2025-10-14T04:00:00,3983.990000
2025-10-14T08:00:00,3974.850000
2025-10-14T12:00:00,4088.500000
2025-10-14T16:00:00,4105.570000
2025-10-14T20:00:00,4126.890000
2025-10-15T00:00:00,4083.660000
2025-10-15T04:00:00,4124.840000
2025-10-15T08:00:00,4102.900000
2025-10-15T12:00:00,3983.760000
2025-10-15T16:00:00,3984.600000
2025-10-15T20:00:00,3987.790000
2025-10-16T00:00:00,4017.010000
2025-10-16T04:00:00,4005.580000
2025-10-16T08:00:00,4063.890000
2025-10-16T12:00:00,3909.230000
2025-10-16T16:00:00,3868.860000
2025-10-16T20:00:00,3895.500000
2025-10-17T00:00:00,3934.640000
2025-10-17T04:00:00,3756.650000
2025-10-17T08:00:00,3778.730000
2025-10-17T12:00:00,3798.720000
2025-10-17T16:00:00,3828.620000
2025-10-17T20:00:00,3833.190000
2025-10-18T00:00:00,3872.430000
2025-10-18T04:00:00,3894.460000
2025-10-18T08:00:00,3883.930000
2025-10-18T12:00:00,3879.360000
2025-10-18T16:00:00,3895.160000
2025-10-18T20:00:00,3890.630000
2025-10-19T00:00:00,3907.470000
2025-10-19T04:00:00,3889.600000
2025-10-19T08:00:00,3925.490000
2025-10-19T12:00:00,3980.670000
2025-10-19T16:00:00,3987.990000
2025-10-19T20:00:00,3984.310000
2025-10-20T00:00:00,4028.340000
2025-10-20T04:00:00,4056.780000
2025-10-20T08:00:00,4036.640000
2025-10-20T12:00:00,4005.450000
2025-10-20T16:00:00,3982.600000
2025-10-20T20:00:00,3980.860000
2025-10-21T00:00:00,3924.360000
2025-10-21T04:00:00,3893.860000
2025-10-21T08:00:00,3891.640000
2025-10-21T12:00:00,4084.000000
2025-10-21T16:00:00,3998.000000
2025-10-21T20:00:00,3875.040000
2025-10-22T00:00:00,3861.600000
2025-10-22T04:00:00,3870.910000
2025-10-22T08:00:00,3831.100000
2025-10-22T12:00:00,3842.500000
2025-10-22T16:00:00,3804.570000
2025-10-22T20:00:00,3806.180000
2025-10-23T00:00:00,3828.020000
2025-10-23T04:00:00,3882.400000
2025-10-23T08:00:00,3864.640000
2025-10-23T12:00:00,3878.400000
2025-10-23T16:00:00,3861.280000
2025-10-23T20:00:00,3858.590000
2025-10-24T00:00:00,3892.700000
2025-10-24T04:00:00,3950.570000
2025-10-24T08:00:00,3947.970000
2025-10-24T12:00:00,3890.160000
2025-10-24T16:00:00,3927.600000
2025-10-24T20:00:00,3936.100000
2025-10-25T00:00:00,3922.020000
2025-10-25T04:00:00,3929.780000
2025-10-25T08:00:00,3941.250000
2025-10-25T12:00:00,3934.040000
2025-10-25T16:00:00,3958.080000
2025-10-25T20:00:00,3954.840000
2025-10-26T00:00:00,3932.540000
2025-10-26T04:00:00,3952.210000
2025-10-26T08:00:00,4045.860000
2025-10-26T12:00:00,4075.410000
2025-10-26T16:00:00,4068.590000
2025-10-26T20:00:00,4159.440000
2025-10-27T00:00:00,4205.530000
2025-10-27T04:00:00,4202.180000
2025-10-27T08:00:00,4162.650000
2025-10-27T12:00:00,4173.780000
2025-10-27T16:00:00,4194.900000
2025-10-27T20:00:00,4120.920000
2025-10-28T00:00:00,4094.410000
2025-10-28T04:00:00,4117.300000
2025-10-28T08:00:00,4112.680000
2025-10-28T12:00:00,4097.080000
2025-10-28T16:00:00,4040.580000
2025-10-28T20:00:00,3980.360000
2025-10-29T00:00:00,3998.730000
2025-10-29T04:00:00,4025.800000
2025-10-29T08:00:00,4012.300000
2025-10-29T12:00:00,3952.190000
2025-10-29T16:00:00,3906.500000
2025-10-29T20:00:00,3904.050000
2025-10-30T00:00:00,3935.590000
2025-10-30T04:00:00,3940.490000
2025-10-30T08:00:00,3881.380000
2025-10-30T12:00:00,3774.020000
2025-10-30T16:00:00,3686.180000
2025-10-30T20:00:00,3804.960000
2025-10-31T00:00:00,3829.270000
2025-10-31T04:00:00,3831.100000
2025-10-31T08:00:00,3873.400000
2025-10-31T12:00:00,3860.220000
2025-10-31T16:00:00,3884.890000
2025-10-31T20:00:00,3847.090000
2025-11-01T00:00:00,3860.280000
2025-11-01T04:00:00,3859.600000
2025-11-01T08:00:00,3876.350000
2025-11-01T12:00:00,3893.750000
2025-11-01T16:00:00,3879.180000
2025-11-01T20:00:00,3872.960000
2025-11-02T00:00:00,3880.190000
2025-11-02T04:00:00,3906.140000
2025-11-02T08:00:00,3890.500000
2025-11-02T12:00:00,3853.240000
2025-11-02T16:00:00,3856.100000
2025-11-02T20:00:00,3906.250000
2025-11-03T00:00:00,3737.040000
2025-11-03T04:00:00,3714.490000
2025-11-03T08:00:00,3711.680000
2025-11-03T12:00:00,3589.030000
2025-11-03T16:00:00,3630.970000
2025-11-03T20:00:00,3603.780000
2025-11-04T00:00:00,3641.970000
2025-11-04T04:00:00,3493.420000
2025-11-04T08:00:00,3528.600000
2025-11-04T12:00:00,3506.850000
2025-11-04T16:00:00,3229.350000
2025-11-04T20:00:00,3286.850000
2025-11-05T00:00:00,3335.270000
2025-11-05T04:00:00,3331.330000
2025-11-05T08:00:00,3322.670000
2025-11-05T12:00:00,3398.180000
2025-11-05T16:00:00,3455.060000
2025-11-05T20:00:00,3425.030000
2025-11-06T00:00:00,3432.950000
2025-11-06T04:00:00,3380.330000
2025-11-06T08:00:00,3399.220000
2025-11-06T12:00:00,3299.760000
2025-11-06T16:00:00,3325.250000
2025-11-06T20:00:00,3313.960000
2025-11-07T00:00:00,3344.140000
2025-11-07T04:00:00,3357.010000
2025-11-07T08:00:00,3258.780000
2025-11-07T12:00:00,3295.360000
2025-11-07T16:00:00,3442.360000
2025-11-07T20:00:00,3434.400000
2025-11-08T00:00:00,3452.610000
2025-11-08T04:00:00,3446.690000
2025-11-08T08:00:00,3411.990000
2025-11-08T12:00:00,3376.500000
2025-11-08T16:00:00,3388.810000
2025-11-08T20:00:00,3401.030000
2025-11-09T00:00:00,3375.240000
2025-11-09T04:00:00,3422.900000
2025-11-09T08:00:00,3428.400000
2025-11-09T12:00:00,3515.640000
2025-11-09T16:00:00,3579.860000
2025-11-09T20:00:00,3583.080000
2025-11-10T00:00:00,3627.490000
2025-11-10T04:00:00,3609.120000
2025-11-10T08:00:00,3610.090000
2025-11-10T12:00:00,3519.110000
2025-11-10T16:00:00,3558.280000
2025-11-10T20:00:00,3567.270000
2025-11-11T00:00:00,3605.650000
2025-11-11T04:00:00,3544.190000
2025-11-11T08:00:00,3574.390000
2025-11-11T12:00:00,3481.310000
2025-11-11T16:00:00,3456.660000
2025-11-11T20:00:00,3416.880000
2025-11-12T00:00:00,3438.310000
2025-11-12T04:00:00,3428.540000
2025-11-12T08:00:00,3549.780000
2025-11-12T12:00:00,3427.920000
2025-11-12T16:00:00,3407.900000
2025-11-12T20:00:00,3414.980000
2025-11-13T00:00:00,3452.800000
2025-11-13T04:00:00,3538.200000
2025-11-13T08:00:00,3501.160000
2025-11-13T12:00:00,3387.000000
2025-11-13T16:00:00,3197.060000
2025-11-13T20:00:00,3230.060000
2025-11-14T00:00:00,3227.330000
2025-11-14T04:00:00,3214.350000
2025-11-14T08:00:00,3143.410000
2025-11-14T12:00:00,3195.080000
2025-11-14T16:00:00,3206.400000
2025-11-14T20:00:00,3110.780000
2025-11-15T00:00:00,3177.540000
2025-11-15T04:00:00,3174.730000
2025-11-15T08:00:00,3150.480000
2025-11-15T12:00:00,3184.340000
2025-11-15T16:00:00,3195.990000
2025-11-15T20:00:00,3166.460000
2025-11-16T00:00:00,3201.110000
2025-11-16T04:00:00,3217.900000
2025-11-16T08:00:00,3167.480000
2025-11-16T12:00:00,3103.490000
2025-11-16T16:00:00,3089.360000
2025-11-16T20:00:00,3093.250000
2025-11-17T00:00:00,3175.070000
2025-11-17T04:00:00,3196.690000
2025-11-17T08:00:00,3202.060000
2025-11-17T12:00:00,3118.820000
2025-11-17T16:00:00,2979.410000
2025-11-17T20:00:00,3028.590000
2025-11-18T00:00:00,3021.790000
2025-11-18T04:00:00,3021.400000
2025-11-18T08:00:00,3055.230000
2025-11-18T12:00:00,3105.040000
2025-11-18T16:00:00,3144.810000
2025-11-18T20:00:00,3122.660000
2025-11-19T00:00:00,3071.820000
2025-11-19T04:00:00,3084.000000
2025-11-19T08:00:00,3082.230000
2025-11-19T12:00:00,2971.610000
2025-11-19T16:00:00,2878.960000
2025-11-19T20:00:00,3023.360000
2025-11-20T00:00:00,3037.220000
2025-11-20T04:00:00,3037.240000
2025-11-20T08:00:00,3021.360000
2025-11-20T12:00:00,2953.420000
2025-11-20T16:00:00,2845.100000
2025-11-20T20:00:00,2831.610000
2025-11-21T00:00:00,2806.400000
2025-11-21T04:00:00,2716.800000
2025-11-21T08:00:00,2685.890000
2025-11-21T12:00:00,2702.600000
2025-11-21T16:00:00,2750.720000
2025-11-21T20:00:00,2764.650000
2025-11-22T00:00:00,2751.360000
2025-11-22T04:00:00,2755.000000
2025-11-22T08:00:00,2733.790000
2025-11-22T12:00:00,2738.030000
2025-11-22T16:00:00,2749.650000
2025-11-22T20:00:00,2769.070000
2025-11-23T00:00:00,2823.500000
2025-11-23T04:00:00,2792.800000
2025-11-23T08:00:00,2814.700000
2025-11-23T12:00:00,2835.860000
2025-11-23T16:00:00,2822.190000
2025-11-23T20:00:00,2801.840000
2025-11-24T00:00:00,2855.870000
2025-11-24T04:00:00,2829.250000
2025-11-24T08:00:00,2802.400000
2025-11-24T12:00:00,2845.530000
2025-11-24T16:00:00,2958.800000
2025-11-24T20:00:00,2953.290000
2025-11-25T00:00:00,2911.710000
2025-11-25T04:00:00,2902.770000
2025-11-25T08:00:00,2891.080000
2025-11-25T12:00:00,2894.880000
2025-11-25T16:00:00,2922.310000
2025-11-25T20:00:00,2959.200000
2025-11-26T00:00:00,2926.560000
2025-11-26T04:00:00,2944.200000
2025-11-26T08:00:00,2913.790000
2025-11-26T12:00:00,2927.360000
2025-11-26T16:00:00,3032.790000
2025-11-26T20:00:00,3026.960000
2025-11-27T00:00:00,3033.650000
2025-11-27T04:00:00,3033.890000
2025-11-27T08:00:00,3028.550000
2025-11-27T12:00:00,3011.260000
2025-11-27T16:00:00,3032.100000
2025-11-27T20:00:00,3015.560000
2025-11-28T00:00:00,3008.670000
2025-11-28T04:00:00,3002.050000
2025-11-28T08:00:00,3034.360000
2025-11-28T12:00:00,3074.860000
2025-11-28T16:00:00,3050.830000
2025-11-28T20:00:00,3032.190000
2025-11-29T00:00:00,3023.560000
2025-11-29T04:00:00,3005.910000
2025-11-29T08:00:00,3001.110000
2025-11-29T12:00:00,3008.880000
2025-11-29T16:00:00,2989.610000
2025-11-29T20:00:00,2990.250000
2025-11-30T00:00:00,3002.810000
2025-11-30T04:00:00,3006.300000
2025-11-30T08:00:00,3003.950000
2025-11-30T12:00:00,3029.240000
2025-11-30T16:00:00,3035.260000
2025-11-30T20:00:00,2992.250000
2025-12-01T00:00:00,2826.450000
2025-12-01T04:00:00,2840.240000
2025-12-01T08:00:00,2838.220000
2025-12-01T12:00:00,2745.750000
2025-12-01T16:00:00,2741.110000
2025-12-01T20:00:00,2799.000000
2025-12-02T00:00:00,2804.960000
2025-12-02T04:00:00,2806.270000
2025-12-02T08:00:00,2826.360000
2025-12-02T12:00:00,3007.160000
2025-12-02T16:00:00,3016.750000
2025-12-02T20:00:00,2997.190000
2025-12-03T00:00:00,3031.560000
2025-12-03T04:00:00,3058.800000
2025-12-03T08:00:00,3074.100000
2025-12-03T12:00:00,3087.500000
2025-12-03T16:00:00,3129.600000
2025-12-03T20:00:00,3189.500000
2025-12-04T00:00:00,3211.190000
2025-12-04T04:00:00,3191.160000
2025-12-04T08:00:00,3187.500000
2025-12-04T12:00:00,3209.050000
2025-12-04T16:00:00,3120.600000
2025-12-04T20:00:00,3134.450000
2025-12-05T00:00:00,3171.980000
2025-12-05T04:00:00,3175.280000
2025-12-05T08:00:00,3132.580000
2025-12-05T12:00:00,3107.150000
2025-12-05T16:00:00,3039.300000
2025-12-05T20:00:00,3022.890000
2025-12-06T00:00:00,3041.400000
2025-12-06T04:00:00,3027.200000
2025-12-06T08:00:00,3039.810000
2025-12-06T12:00:00,3042.640000
2025-12-06T16:00:00,3031.680000
2025-12-06T20:00:00,3039.090000
2025-12-07T00:00:00,3054.900000
2025-12-07T04:00:00,3038.250000
2025-12-07T08:00:00,3036.440000
2025-12-07T12:00:00,3027.950000
2025-12-07T16:00:00,3138.550000
2025-12-07T20:00:00,3060.540000
2025-12-08T00:00:00,3111.560000
2025-12-08T04:00:00,3134.620000
2025-12-08T08:00:00,3142.890000
2025-12-08T12:00:00,3102.120000
2025-12-08T16:00:00,3119.390000
2025-12-08T20:00:00,3125.200000
2025-12-09T00:00:00,3129.990000
2025-12-09T04:00:00,3123.500000
2025-12-09T08:00:00,3118.870000
2025-12-09T12:00:00,3246.340000
2025-12-09T16:00:00,3358.600000
2025-12-09T20:00:00,3318.920000
2025-12-10T00:00:00,3310.550000
2025-12-10T04:00:00,3327.990000
2025-12-10T08:00:00,3319.090000
2025-12-10T12:00:00,3328.610000
2025-12-10T16:00:00,3391.000000
2025-12-10T20:00:00,3325.400000
2025-12-11T00:00:00,3193.030000
2025-12-11T04:00:00,3202.330000
2025-12-11T08:00:00,3193.770000
2025-12-11T12:00:00,3180.000000
2025-12-11T16:00:00,3195.270000
2025-12-11T20:00:00,3238.310000
2025-12-12T00:00:00,3246.840000
2025-12-12T04:00:00,3247.360000
2025-12-12T08:00:00,3243.580000
2025-12-12T12:00:00,3071.770000
2025-12-12T16:00:00,3074.400000
2025-12-12T20:00:00,3085.480000
2025-12-13T00:00:00,3090.710000
2025-12-13T04:00:00,3095.520000
2025-12-13T08:00:00,3120.250000
2025-12-13T12:00:00,3110.800000
2025-12-13T16:00:00,3109.610000
2025-12-13T20:00:00,3115.510000
2025-12-14T00:00:00,3119.490000
2025-12-14T04:00:00,3116.000000
2025-12-14T08:00:00,3085.600000
2025-12-14T12:00:00,3085.670000
2025-12-14T16:00:00,3094.700000
2025-12-14T20:00:00,3064.380000
2025-12-15T00:00:00,3109.340000
2025-12-15T04:00:00,3129.210000
2025-12-15T08:00:00,3157.360000
2025-12-15T12:00:00,3011.260000
2025-12-15T16:00:00,2940.450000
2025-12-15T20:00:00,2964.830000
2025-12-16T00:00:00,2936.850000
2025-12-16T04:00:00,2924.030000
2025-12-16T08:00:00,2958.010000
2025-12-16T12:00:00,2963.160000
2025-12-16T16:00:00,2945.440000
2025-12-16T20:00:00,2962.030000
2025-12-17T00:00:00,2947.600000
2025-12-17T04:00:00,2947.590000
2025-12-17T08:00:00,2928.260000
2025-12-17T12:00:00,2904.160000
2025-12-17T16:00:00,2819.900000
2025-12-17T20:00:00,2833.100000
2025-12-18T00:00:00,2831.290000
2025-12-18T04:00:00,2835.570000
2025-12-18T08:00:00,2858.140000
2025-12-18T12:00:00,2964.120000
2025-12-18T16:00:00,2780.980000
2025-12-18T20:00:00,2827.230000
2025-12-19T00:00:00,2907.600000
2025-12-19T04:00:00,2950.610000
2025-12-19T08:00:00,2964.100000
2025-12-19T12:00:00,2963.840000
2025-12-19T16:00:00,2983.950000
2025-12-19T20:00:00,2978.290000
2025-12-20T00:00:00,2988.300000
2025-12-20T04:00:00,2980.650000
2025-12-20T08:00:00,2986.200000
2025-12-20T12:00:00,2976.200000
2025-12-20T16:00:00,2977.260000
2025-12-20T20:00:00,2977.140000
2025-12-21T00:00:00,2972.170000
2025-12-21T04:00:00,2980.400000
2025-12-21T08:00:00,2996.240000
2025-12-21T12:00:00,2974.250000
2025-12-21T16:00:00,2990.850000
2025-12-21T20:00:00,3001.780000
2025-12-22T00:00:00,3021.000000
2025-12-22T04:00:00,3029.320000
2025-12-22T08:00:00,3048.650000
2025-12-22T12:00:00,3051.970000
2025-12-22T16:00:00,2980.090000
2025-12-22T20:00:00,3008.300000
2025-12-23T00:00:00,2990.600000
2025-12-23T04:00:00,2963.600000
2025-12-23T08:00:00,2972.600000
2025-12-23T12:00:00,2927.800000
2025-12-23T16:00:00,2942.860000
2025-12-23T20:00:00,2963.510000
2025-12-24T00:00:00,2944.800000
2025-12-24T04:00:00,2930.970000
2025-12-24T08:00:00,2924.040000
2025-12-24T12:00:00,2924.510000
2025-12-24T16:00:00,2944.550000
2025-12-24T20:00:00,2945.880000
2025-12-25T00:00:00,2946.030000
2025-12-25T04:00:00,2940.890000
2025-12-25T08:00:00,2923.850000
2025-12-25T12:00:00,2959.810000
2025-12-25T16:00:00,2954.900000
2025-12-25T20:00:00,2902.910000
2025-12-26T00:00:00,2962.900000
2025-12-26T04:00:00,2955.580000
2025-12-26T08:00:00,2963.590000
2025-12-26T12:00:00,2921.710000
2025-12-26T16:00:00,2924.090000
2025-12-26T20:00:00,2926.390000
2025-12-27T00:00:00,2932.100000
2025-12-27T04:00:00,2931.560000
2025-12-27T08:00:00,2929.730000
2025-12-27T12:00:00,2925.690000
2025-12-27T16:00:00,2929.290000
2025-12-27T20:00:00,2947.440000
2025-12-28T00:00:00,2941.900000
2025-12-28T04:00:00,2937.200000
2025-12-28T08:00:00,2942.500000
2025-12-28T12:00:00,2948.050000
2025-12-28T16:00:00,2932.000000
2025-12-28T20:00:00,2949.750000
2025-12-29T00:00:00,3041.310000
2025-12-29T04:00:00,3017.100000
2025-12-29T08:00:00,2957.160000
2025-12-29T12:00:00,2933.300000
2025-12-29T16:00:00,2930.000000
2025-12-29T20:00:00,2935.290000
2025-12-30T00:00:00,2948.930000
2025-12-30T04:00:00,2947.870000
2025-12-30T08:00:00,2976.150000
2025-12-30T12:00:00,2986.990000
2025-12-30T16:00:00,2969.860000
2025-12-30T20:00:00,2971.130000
2025-12-31T00:00:00,2967.950000
2025-12-31T04:00:00,2974.080000
2025-12-31T08:00:00,2999.070000
2025-12-31T12:00:00,2982.600000
2025-12-31T16:00:00,2967.460000
2025-12-31T20:00:00,2968.040000
2026-01-01T00:00:00,2976.190000
2026-01-01T04:00:00,2974.200000
2026-01-01T08:00:00,2985.610000
2026-01-01T12:00:00,2986.900000
2026-01-01T16:00:00,2992.090000
2026-01-01T20:00:00,3001.300000
2026-01-02T00:00:00,3019.630000
2026-01-02T04:00:00,3015.150000
2026-01-02T08:00:00,3045.230000
2026-01-02T12:00:00,3084.940000
2026-01-02T16:00:00,3122.750000
2026-01-02T20:00:00,3124.710000
2026-01-03T00:00:00,3124.720000
2026-01-03T04:00:00,3089.840000
2026-01-03T08:00:00,3097.550000
2026-01-03T12:00:00,3100.260000
2026-01-03T16:00:00,3112.140000
2026-01-03T20:00:00,3126.290000
2026-01-04T00:00:00,3146.640000
2026-01-04T04:00:00,3140.550000
2026-01-04T08:00:00,3139.000000
2026-01-04T12:00:00,3134.550000
2026-01-04T16:00:00,3131.810000
2026-01-04T20:00:00,3143.880000
2026-01-05T00:00:00,3185.040000
2026-01-05T04:00:00,3156.300000
2026-01-05T08:00:00,3179.500000
2026-01-05T12:00:00,3195.260000
2026-01-05T16:00:00,3223.250000
2026-01-05T20:00:00,3225.680000
2026-01-06T00:00:00,3225.690000
2026-01-06T04:00:00,3218.760000
2026-01-06T08:00:00,3237.540000
2026-01-06T12:00:00,3271.990000
2026-01-06T16:00:00,3222.340000
2026-01-06T20:00:00,3296.050000
2026-01-07T00:00:00,3265.350000
2026-01-07T04:00:00,3253.600000
2026-01-07T08:00:00,3218.500000
2026-01-07T12:00:00,3162.650000
2026-01-07T16:00:00,3143.000000
2026-01-07T20:00:00,3166.370000
2026-01-08T00:00:00,3139.890000
2026-01-08T04:00:00,3124.250000
2026-01-08T08:00:00,3117.590000
2026-01-08T12:00:00,3101.760000
2026-01-08T16:00:00,3109.140000
2026-01-08T20:00:00,3104.640000
2026-01-09T00:00:00,3116.980000
2026-01-09T04:00:00,3108.110000
2026-01-09T08:00:00,3087.550000
2026-01-09T12:00:00,3109.930000
2026-01-09T16:00:00,3077.740000
2026-01-09T20:00:00,3084.830000
2026-01-10T00:00:00,3083.160000
2026-01-10T04:00:00,3089.450000
2026-01-10T08:00:00,3093.810000
2026-01-10T12:00:00,3092.310000
2026-01-10T16:00:00,3088.850000
2026-01-10T20:00:00,3083.350000
2026-01-11T00:00:00,3093.760000
2026-01-11T04:00:00,3091.980000
2026-01-11T08:00:00,3101.870000
2026-01-11T12:00:00,3114.440000
2026-01-11T16:00:00,3120.930000
2026-01-11T20:00:00,3119.630000
2026-01-12T00:00:00,3148.750000
2026-01-12T04:00:00,3132.010000
2026-01-12T08:00:00,3112.260000
2026-01-12T12:00:00,3127.700000
2026-01-12T16:00:00,3119.600000
2026-01-12T20:00:00,3092.660000
2026-01-13T00:00:00,3113.200000
2026-01-13T04:00:00,3119.520000
2026-01-13T08:00:00,3131.400000
2026-01-13T12:00:00,3183.060000
2026-01-13T16:00:00,3215.520000
2026-01-13T20:00:00,3324.460000
2026-01-14T00:00:00,3350.850000
2026-01-14T04:00:00,3335.210000
2026-01-14T08:00:00,3284.970000
2026-01-14T12:00:00,3345.910000
2026-01-14T16:00:00,3367.830000
2026-01-14T20:00:00,3355.620000
2026-01-15T00:00:00,3286.700000
2026-01-15T04:00:00,3330.490000
2026-01-15T08:00:00,3349.700000
2026-01-15T12:00:00,3330.680000
2026-01-15T16:00:00,3295.300000
2026-01-15T20:00:00,3318.700000
2026-01-16T00:00:00,3295.190000
2026-01-16T04:00:00,3309.240000
2026-01-16T08:00:00,3301.470000
2026-01-16T12:00:00,3263.490000
2026-01-16T16:00:00,3275.990000
2026-01-16T20:00:00,3295.440000
2026-01-17T00:00:00,3288.590000
2026-01-17T04:00:00,3290.980000
2026-01-17T08:00:00,3302.500000
2026-01-17T12:00:00,3329.380000
2026-01-17T16:00:00,3315.950000
2026-01-17T20:00:00,3309.960000
2026-01-18T00:00:00,3315.540000
2026-01-18T04:00:00,3306.940000
2026-01-18T08:00:00,3321.480000
2026-01-18T12:00:00,3333.300000
2026-01-18T16:00:00,3346.290000
2026-01-18T20:00:00,3283.350000
2026-01-19T00:00:00,3211.200000
2026-01-19T04:00:00,3206.400000
2026-01-19T08:00:00,3223.000000
2026-01-19T12:00:00,3214.990000
2026-01-19T16:00:00,3218.790000
2026-01-19T20:00:00,3188.110000
2026-01-20T00:00:00,3186.990000
2026-01-20T04:00:00,3120.600000
2026-01-20T08:00:00,3107.030000
2026-01-20T12:00:00,3030.520000
2026-01-20T16:00:00,2993.460000
2026-01-20T20:00:00,2937.100000
2026-01-21T00:00:00,2978.830000
2026-01-21T04:00:00,2967.910000
2026-01-21T08:00:00,2940.940000
2026-01-21T12:00:00,3000.820000
2026-01-21T16:00:00,3053.760000
2026-01-21T20:00:00,2980.360000
2026-01-22T00:00:00,3011.520000
2026-01-22T04:00:00,2998.910000
2026-01-22T08:00:00,2984.500000
2026-01-22T12:00:00,2940.320000
2026-01-22T16:00:00,2951.990000
2026-01-22T20:00:00,2950.350000
2026-01-23T00:00:00,2961.900000
2026-01-23T04:00:00,2945.340000
2026-01-23T08:00:00,2937.810000
2026-01-23T12:00:00,2950.030000
2026-01-23T16:00:00,2957.150000
2026-01-23T20:00:00,2953.710000
2026-01-24T00:00:00,2959.140000
2026-01-24T04:00:00,2953.490000
2026-01-24T08:00:00,2957.650000
2026-01-24T12:00:00,2953.430000
2026-01-24T16:00:00,2950.360000
2026-01-24T20:00:00,2949.560000
2026-01-25T00:00:00,2939.020000
2026-01-25T04:00:00,2936.170000
2026-01-25T08:00:00,2933.800000
2026-01-25T12:00:00,2923.660000
2026-01-25T16:00:00,2811.030000
2026-01-25T20:00:00,2814.690000
2026-01-26T00:00:00,2847.860000
2026-01-26T04:00:00,2901.680000
2026-01-26T08:00:00,2890.310000
2026-01-26T12:00:00,2897.370000
2026-01-26T16:00:00,2921.260000
2026-01-26T20:00:00,2927.770000
2026-01-27T00:00:00,2938.550000
2026-01-27T04:00:00,2926.210000
2026-01-27T08:00:00,2914.050000
2026-01-27T12:00:00,2934.780000
2026-01-27T16:00:00,2977.370000
2026-01-27T20:00:00,3023.010000
2026-01-28T00:00:00,3001.800000
2026-01-28T04:00:00,3001.600000
2026-01-28T08:00:00,3036.800000
2026-01-28T12:00:00,3004.590000
2026-01-28T16:00:00,3013.170000
2026-01-28T20:00:00,3007.300000
2026-01-29T00:00:00,2949.060000
2026-01-29T04:00:00,2958.150000
2026-01-29T08:00:00,2925.650000
2026-01-29T12:00:00,2820.710000
2026-01-29T16:00:00,2793.410000
2026-01-29T20:00:00,2818.580000
2026-01-30T00:00:00,2737.570000
2026-01-30T04:00:00,2736.200000
2026-01-30T08:00:00,2756.140000
2026-01-30T12:00:00,2725.920000
2026-01-30T16:00:00,2739.330000
2026-01-30T20:00:00,2703.980000
2026-01-31T00:00:00,2692.540000
2026-01-31T04:00:00,2676.660000
2026-01-31T08:00:00,2637.150000
2026-01-31T12:00:00,2531.250000
2026-01-31T16:00:00,2380.300000
2026-01-31T20:00:00,2450.030000
2026-02-01T00:00:00,2443.780000
2026-02-01T04:00:00,2409.380000
2026-02-01T08:00:00,2410.770000
2026-02-01T12:00:00,2314.450000
2026-02-01T16:00:00,2318.910000
2026-02-01T20:00:00,2268.890000
2026-02-02T00:00:00,2237.440000
2026-02-02T04:00:00,2226.760000
2026-02-02T08:00:00,2280.800000
2026-02-02T12:00:00,2371.860000
2026-02-02T16:00:00,2330.000000
2026-02-02T20:00:00,2345.460000
2026-02-03T00:00:00,2342.550000
2026-02-03T04:00:00,2321.640000
2026-02-03T08:00:00,2274.840000
2026-02-03T12:00:00,2302.000000
2026-02-03T16:00:00,2203.530000
2026-02-03T20:00:00,2231.190000
2026-02-04T00:00:00,2281.200000
2026-02-04T04:00:00,2281.740000
2026-02-04T08:00:00,2252.380000
2026-02-04T12:00:00,2149.140000
2026-02-04T16:00:00,2184.440000
2026-02-04T20:00:00,2144.050000
2026-02-05T00:00:00,2106.800000
2026-02-05T04:00:00,2087.500000
2026-02-05T08:00:00,2076.620000
2026-02-05T12:00:00,1957.990000
2026-02-05T16:00:00,1925.140000
2026-02-05T20:00:00,1823.870000
2026-02-06T00:00:00,1889.870000
2026-02-06T04:00:00,1897.420000
2026-02-06T08:00:00,1930.910000
2026-02-06T12:00:00,1979.880000
2026-02-06T16:00:00,2064.470000
2026-02-06T20:00:00,2062.400000
2026-02-07T00:00:00,2079.900000
2026-02-07T04:00:00,2026.260000
2026-02-07T08:00:00,2017.500000
2026-02-07T12:00:00,2051.140000
2026-02-07T16:00:00,2090.310000
2026-02-07T20:00:00,2086.420000
2026-02-08T00:00:00,2077.660000
2026-02-08T04:00:00,2083.340000
2026-02-08T08:00:00,2131.250000
2026-02-08T12:00:00,2107.540000
2026-02-08T16:00:00,2125.970000
2026-02-08T20:00:00,2088.950000
2026-02-09T00:00:00,2099.020000
2026-02-09T04:00:00,2064.540000
2026-02-09T08:00:00,2026.950000
2026-02-09T12:00:00,2060.740000
2026-02-09T16:00:00,2130.450000
2026-02-09T20:00:00,2104.080000
2026-02-10T00:00:00,2063.810000
2026-02-10T04:00:00,2005.720000
2026-02-10T08:00:00,2001.660000
2026-02-10T12:00:00,2021.780000
2026-02-10T16:00:00,2017.040000
2026-02-10T20:00:00,2021.790000
2026-02-11T00:00:00,2008.320000
2026-02-11T04:00:00,1949.790000
2026-02-11T08:00:00,1952.690000
2026-02-11T12:00:00,1928.780000
2026-02-11T16:00:00,1951.400000
2026-02-11T20:00:00,1939.900000
2026-02-12T00:00:00,1967.560000
2026-02-12T04:00:00,1967.080000
2026-02-12T08:00:00,1988.210000
2026-02-12T12:00:00,1947.980000
2026-02-12T16:00:00,1924.370000
2026-02-12T20:00:00,1946.210000
2026-02-13T00:00:00,1952.020000
2026-02-13T04:00:00,1934.430000
2026-02-13T08:00:00,1958.790000
2026-02-13T12:00:00,2033.860000
2026-02-13T16:00:00,2057.110000
2026-02-13T20:00:00,2047.870000
2026-02-14T00:00:00,2053.380000
2026-02-14T04:00:00,2056.190000
2026-02-14T08:00:00,2098.670000
2026-02-14T12:00:00,2086.990000
2026-02-14T16:00:00,2087.740000
2026-02-14T20:00:00,2086.090000
2026-02-15T00:00:00,2058.480000
2026-02-15T04:00:00,2090.450000
2026-02-15T08:00:00,2060.950000
2026-02-15T12:00:00,2010.640000
2026-02-15T16:00:00,1941.310000
2026-02-15T20:00:00,1965.600000
2026-02-16T00:00:00,1957.810000
2026-02-16T04:00:00,1970.270000
2026-02-16T08:00:00,1975.320000
2026-02-16T12:00:00,1955.890000
2026-02-16T16:00:00,1973.440000
2026-02-16T20:00:00,1997.520000
2026-02-17T00:00:00,1985.060000
2026-02-17T04:00:00,1985.310000
2026-02-17T08:00:00,1967.770000
2026-02-17T12:00:00,1968.040000
2026-02-17T16:00:00,1997.450000
2026-02-17T20:00:00,1991.010000
2026-02-18T00:00:00,1996.270000
2026-02-18T04:00:00,2017.480000
2026-02-18T08:00:00,1980.730000
2026-02-18T12:00:00,1984.730000
2026-02-18T16:00:00,1940.460000
2026-02-18T20:00:00,1955.370000
2026-02-19T00:00:00,1971.770000
2026-02-19T04:00:00,1981.090000
2026-02-19T08:00:00,1948.850000
2026-02-19T12:00:00,1925.930000
2026-02-19T16:00:00,1940.870000
2026-02-19T20:00:00,1948.320000
2026-02-20T00:00:00,1954.160000
2026-02-20T04:00:00,1960.480000
2026-02-20T08:00:00,1943.540000
2026-02-20T12:00:00,1963.690000
2026-02-20T16:00:00,1963.280000
2026-02-20T20:00:00,1968.120000
2026-02-21T00:00:00,1958.600000
2026-02-21T04:00:00,1962.440000
2026-02-21T08:00:00,1976.640000
2026-02-21T12:00:00,1987.430000
2026-02-21T16:00:00,1987.800000
2026-02-21T20:00:00,1972.990000
2026-02-22T00:00:00,1974.130000
2026-02-22T04:00:00,1975.610000
2026-02-22T08:00:00,1980.400000
2026-02-22T12:00:00,1953.550000
2026-02-22T16:00:00,1943.180000
2026-02-22T20:00:00,1957.330000
2026-02-23T00:00:00,1862.600000
2026-02-23T04:00:00,1885.100000
2026-02-23T08:00:00,1915.210000
2026-02-23T12:00:00,1895.370000
2026-02-23T16:00:00,1856.960000
2026-02-23T20:00:00,1855.840000
2026-02-24T00:00:00,1831.240000
2026-02-24T04:00:00,1825.210000
2026-02-24T08:00:00,1826.670000
2026-02-24T12:00:00,1847.610000
2026-02-24T16:00:00,1852.650000
2026-02-24T20:00:00,1851.950000
2026-02-25T00:00:00,1906.130000
2026-02-25T04:00:00,1893.350000
2026-02-25T08:00:00,1926.360000
2026-02-25T12:00:00,2013.780000
2026-02-25T16:00:00,2071.240000
2026-02-25T20:00:00,2057.880000
2026-02-26T00:00:00,2054.650000
2026-02-26T04:00:00,2053.490000
2026-02-26T08:00:00,2057.710000
2026-02-26T12:00:00,2033.460000
2026-02-26T16:00:00,2030.250000
2026-02-26T20:00:00,2027.760000
2026-02-27T00:00:00,2045.430000
2026-02-27T04:00:00,2032.720000
2026-02-27T08:00:00,1962.250000
2026-02-27T12:00:00,1948.710000
2026-02-27T16:00:00,1921.000000
2026-02-27T20:00:00,1929.710000
2026-02-28T00:00:00,1924.440000
2026-02-28T04:00:00,1866.560000
2026-02-28T08:00:00,1863.440000
2026-02-28T12:00:00,1899.000000
2026-02-28T16:00:00,1947.200000
2026-02-28T20:00:00,1964.710000
2026-03-01T00:00:00,2023.090000
2026-03-01T04:00:00,2007.210000
2026-03-01T08:00:00,1983.370000
2026-03-01T12:00:00,1993.440000
2026-03-01T16:00:00,1954.000000
2026-03-01T20:00:00,1939.790000
2026-03-02T00:00:00,1972.220000
2026-03-02T04:00:00,1941.430000
2026-03-02T08:00:00,1947.800000
2026-03-02T12:00:00,2047.430000
2026-03-02T16:00:00,2043.980000
2026-03-02T20:00:00,2027.440000
2026-03-03T00:00:00,2008.710000
2026-03-03T04:00:00,1996.190000
2026-03-03T08:00:00,1961.120000
2026-03-03T12:00:00,1969.060000
2026-03-03T16:00:00,1986.240000
2026-03-03T20:00:00,1983.060000
2026-03-04T00:00:00,1961.220000
2026-03-04T04:00:00,2006.660000
2026-03-04T08:00:00,2055.010000
2026-03-04T12:00:00,2150.810000
2026-03-04T16:00:00,2178.930000
2026-03-04T20:00:00,2127.530000
2026-03-05T00:00:00,2120.480000
2026-03-05T04:00:00,2105.720000
2026-03-05T08:00:00,2138.180000
2026-03-05T12:00:00,2087.340000
2026-03-05T16:00:00,2074.600000
2026-03-05T20:00:00,2073.300000
2026-03-06T00:00:00,2084.070000
2026-03-06T04:00:00,2082.930000
2026-03-06T08:00:00,2051.390000
2026-03-06T12:00:00,1978.140000
2026-03-06T16:00:00,1983.640000
2026-03-06T20:00:00,1978.680000
2026-03-07T00:00:00,1980.000000
2026-03-07T04:00:00,1982.910000
2026-03-07T08:00:00,1988.870000
2026-03-07T12:00:00,1981.150000
2026-03-07T16:00:00,1955.230000
2026-03-07T20:00:00,1969.590000
2026-03-08T00:00:00,1947.630000
2026-03-08T04:00:00,1955.310000
2026-03-08T08:00:00,1951.380000
2026-03-08T12:00:00,1943.180000
2026-03-08T16:00:00,1964.900000
2026-03-08T20:00:00,1936.830000
2026-03-09T00:00:00,1977.450000
2026-03-09T04:00:00,1983.490000
2026-03-09T08:00:00,1991.990000
2026-03-09T12:00:00,2022.930000
2026-03-09T16:00:00,2034.540000
2026-03-09T20:00:00,1993.270000
2026-03-10T00:00:00,2026.900000
2026-03-10T04:00:00,2051.120000
2026-03-10T08:00:00,2062.150000
2026-03-10T12:00:00,2079.840000
2026-03-10T16:00:00,2037.070000
2026-03-10T20:00:00,2036.870000
2026-03-11T00:00:00,2021.220000
2026-03-11T04:00:00,2012.560000
2026-03-11T08:00:00,2018.070000
2026-03-11T12:00:00,2050.200000
2026-03-11T16:00:00,2076.530000
2026-03-11T20:00:00,2052.320000
2026-03-12T00:00:00,2023.590000
2026-03-12T04:00:00,2040.990000
2026-03-12T08:00:00,2063.220000
2026-03-12T12:00:00,2072.650000
2026-03-12T16:00:00,2069.860000
2026-03-12T20:00:00,2073.630000
2026-03-13T00:00:00,2118.770000
2026-03-13T04:00:00,2099.720000
2026-03-13T08:00:00,2121.310000
2026-03-13T12:00:00,2128.250000
2026-03-13T16:00:00,2102.640000
2026-03-13T20:00:00,2092.720000
2026-03-14T00:00:00,2101.490000
2026-03-14T04:00:00,2077.660000
2026-03-14T08:00:00,2074.220000
2026-03-14T12:00:00,2075.110000
2026-03-14T16:00:00,2077.950000
2026-03-14T20:00:00,2096.590000
2026-03-15T00:00:00,2096.580000
2026-03-15T04:00:00,2106.270000
2026-03-15T08:00:00,2120.080000
2026-03-15T12:00:00,2094.240000
2026-03-15T16:00:00,2113.790000
2026-03-15T20:00:00,2178.550000
2026-03-16T00:00:00,2236.040000
2026-03-16T04:00:00,2249.360000
2026-03-16T08:00:00,2270.300000
2026-03-16T12:00:00,2274.100000
2026-03-16T16:00:00,2331.010000
2026-03-16T20:00:00,2352.950000
2026-03-17T00:00:00,2320.430000
2026-03-17T04:00:00,2328.140000
2026-03-17T08:00:00,2327.260000
2026-03-17T12:00:00,2316.600000
2026-03-17T16:00:00,2320.940000
2026-03-17T20:00:00,2318.010000
2026-03-18T00:00:00,2341.610000
2026-03-18T04:00:00,2318.150000
2026-03-18T08:00:00,2269.800000
2026-03-18T12:00:00,2188.000000
2026-03-18T16:00:00,2186.200000
2026-03-18T20:00:00,2203.600000
2026-03-19T00:00:00,2212.510000
2026-03-19T04:00:00,2166.800000
2026-03-19T08:00:00,2166.890000
2026-03-19T12:00:00,2118.770000
2026-03-19T16:00:00,2141.290000
2026-03-19T20:00:00,2138.160000
2026-03-20T00:00:00,2151.320000
2026-03-20T04:00:00,2150.610000
2026-03-20T08:00:00,2141.590000
2026-03-20T12:00:00,2133.560000
2026-03-20T16:00:00,2132.680000
2026-03-20T20:00:00,2146.060000
2026-03-21T00:00:00,2153.110000
2026-03-21T04:00:00,2155.150000
2026-03-21T08:00:00,2156.950000
2026-03-21T12:00:00,2154.940000
2026-03-21T16:00:00,2152.020000
2026-03-21T20:00:00,2084.740000
2026-03-22T00:00:00,2113.570000
2026-03-22T04:00:00,2093.400000
2026-03-22T08:00:00,2069.790000
2026-03-22T12:00:00,2083.020000
2026-03-22T16:00:00,2063.040000
2026-03-22T20:00:00,2053.610000
2026-03-23T00:00:00,2051.950000
2026-03-23T04:00:00,2044.120000
2026-03-23T08:00:00,2134.300000
2026-03-23T12:00:00,2128.050000
2026-03-23T16:00:00,2154.040000
2026-03-23T20:00:00,2151.620000
2026-03-24T00:00:00,2141.120000
2026-03-24T04:00:00,2165.270000
2026-03-24T08:00:00,2165.550000
2026-03-24T12:00:00,2134.660000
2026-03-24T16:00:00,2115.990000
2026-03-24T20:00:00,2155.690000
2026-03-25T00:00:00,2157.860000
2026-03-25T04:00:00,2164.400000
2026-03-25T08:00:00,2186.270000
2026-03-25T12:00:00,2162.300000
2026-03-25T16:00:00,2172.420000
2026-03-25T20:00:00,2168.680000
2026-03-26T00:00:00,2152.450000
2026-03-26T04:00:00,2122.920000
2026-03-26T08:00:00,2067.890000
2026-03-26T12:00:00,2069.590000
2026-03-26T16:00:00,2048.350000
2026-03-26T20:00:00,2059.290000
2026-03-27T00:00:00,2060.510000
2026-03-27T04:00:00,2065.190000
2026-03-27T08:00:00,1991.200000
2026-03-27T12:00:00,1990.380000
2026-03-27T16:00:00,1990.400000
2026-03-27T20:00:00,1991.950000
2026-03-28T00:00:00,1988.170000
2026-03-28T04:00:00,2006.100000
2026-03-28T08:00:00,1996.640000
2026-03-28T12:00:00,2025.750000
2026-03-28T16:00:00,2019.560000
2026-03-28T20:00:00,1993.740000
2026-03-29T00:00:00,2010.180000
2026-03-29T04:00:00,2004.960000
2026-03-29T08:00:00,2002.880000
2026-03-29T12:00:00,1991.850000
2026-03-29T16:00:00,1994.790000
2026-03-29T20:00:00,1983.520000
2026-03-30T00:00:00,2034.700000
2026-03-30T04:00:00,2058.400000
2026-03-30T08:00:00,2070.150000
2026-03-30T12:00:00,2073.830000
2026-03-30T16:00:00,2022.670000
2026-03-30T20:00:00,2025.570000
2026-03-31T00:00:00,2065.680000
2026-03-31T04:00:00,2054.690000
2026-03-31T08:00:00,2040.000000
2026-03-31T12:00:00,2053.740000
2026-03-31T16:00:00,2095.350000
2026-03-31T20:00:00,2104.360000
2026-04-01T00:00:00,2101.840000
2026-04-01T04:00:00,2130.100000
2026-04-01T08:00:00,2134.930000
2026-04-01T12:00:00,2134.800000
2026-04-01T16:00:00,2141.070000
2026-04-01T20:00:00,2140.220000
2026-04-02T00:00:00,2055.910000
2026-04-02T04:00:00,2055.730000
2026-04-02T08:00:00,2032.800000
2026-04-02T12:00:00,2059.480000
2026-04-02T16:00:00,2065.320000
2026-04-02T20:00:00,2057.210000
2026-04-03T00:00:00,2054.200000
2026-04-03T04:00:00,2065.940000
2026-04-03T08:00:00,2062.940000
2026-04-03T12:00:00,2051.170000
2026-04-03T16:00:00,2052.420000
2026-04-03T20:00:00,2053.600000
2026-04-04T00:00:00,2049.820000
2026-04-04T04:00:00,2053.650000
2026-04-04T08:00:00,2051.770000
2026-04-04T12:00:00,2056.070000
2026-04-04T16:00:00,2064.470000
2026-04-04T20:00:00,2065.220000
2026-04-05T00:00:00,2056.410000
2026-04-05T04:00:00,2036.950000
2026-04-05T08:00:00,2041.850000
2026-04-05T12:00:00,2053.700000
2026-04-05T16:00:00,2061.710000
2026-04-05T20:00:00,2109.660000
2026-04-06T00:00:00,2128.690000
2026-04-06T04:00:00,2134.510000
2026-04-06T08:00:00,2151.700000
2026-04-06T12:00:00,2164.940000
2026-04-06T16:00:00,2144.460000
2026-04-06T20:00:00,2107.290000
2026-04-07T00:00:00,2108.460000
2026-04-07T04:00:00,2103.960000
2026-04-07T08:00:00,2089.610000
2026-04-07T12:00:00,2080.200000
2026-04-07T16:00:00,2113.300000
2026-04-07T20:00:00,2240.010000
2026-04-08T00:00:00,2234.690000
2026-04-08T04:00:00,2253.800000
2026-04-08T08:00:00,2247.450000
2026-04-08T12:00:00,2215.520000
2026-04-08T16:00:00,2211.470000
2026-04-08T20:00:00,2190.310000
2026-04-09T00:00:00,2182.960000
2026-04-09T04:00:00,2181.680000
2026-04-09T08:00:00,2180.300000
2026-04-09T12:00:00,2218.350000
2026-04-09T16:00:00,2216.900000
2026-04-09T20:00:00,2190.470000
2026-04-10T00:00:00,2186.750000
2026-04-10T04:00:00,2180.060000
2026-04-10T08:00:00,2216.480000
2026-04-10T12:00:00,2225.280000
2026-04-10T16:00:00,2254.170000
2026-04-10T20:00:00,2246.230000
2026-04-11T00:00:00,2238.390000
2026-04-11T04:00:00,2234.000000
2026-04-11T08:00:00,2247.390000
2026-04-11T12:00:00,2250.630000
2026-04-11T16:00:00,2316.960000
2026-04-11T20:00:00,2286.000000
2026-04-12T00:00:00,2215.020000
2026-04-12T04:00:00,2219.010000
2026-04-12T08:00:00,2205.570000
2026-04-12T12:00:00,2187.420000
2026-04-12T16:00:00,2199.250000
2026-04-12T20:00:00,2191.900000
2026-04-13T00:00:00,2194.600000
2026-04-13T04:00:00,2187.180000
2026-04-13T08:00:00,2187.960000
2026-04-13T12:00:00,2210.290000
2026-04-13T16:00:00,2263.850000
2026-04-13T20:00:00,2370.600000
2026-04-14T00:00:00,2366.960000
2026-04-14T04:00:00,2379.170000
2026-04-14T08:00:00,2375.440000
2026-04-14T12:00:00,2365.860000
2026-04-14T16:00:00,2315.000000
2026-04-14T20:00:00,2323.630000
2026-04-15T00:00:00,2330.040000
2026-04-15T04:00:00,2317.500000
2026-04-15T08:00:00,2338.330000
2026-04-15T12:00:00,2332.690000
2026-04-15T16:00:00,2376.070000
2026-04-15T20:00:00,2360.790000
2026-04-16T00:00:00,2358.410000
2026-04-16T04:00:00,2342.410000
2026-04-16T08:00:00,2336.610000
2026-04-16T12:00:00,2339.920000
2026-04-16T16:00:00,2360.550000
2026-04-16T20:00:00,2349.120000
2026-04-17T00:00:00,2326.310000
2026-04-17T04:00:00,2335.200000
2026-04-17T08:00:00,2355.740000
2026-04-17T12:00:00,2443.600000
2026-04-17T16:00:00,2429.230000
2026-04-17T20:00:00,2420.100000
2026-04-18T00:00:00,2406.280000
2026-04-18T04:00:00,2404.780000
2026-04-18T08:00:00,2354.090000
2026-04-18T12:00:00,2364.660000
2026-04-18T16:00:00,2349.590000
2026-04-18T20:00:00,2351.500000
2026-04-19T00:00:00,2341.000000
2026-04-19T04:00:00,2317.040000
2026-04-19T08:00:00,2330.430000
2026-04-19T12:00:00,2331.850000
2026-04-19T16:00:00,2300.620000
2026-04-19T20:00:00,2264.430000
2026-04-20T00:00:00,2287.710000
2026-04-20T04:00:00,2299.790000
2026-04-20T08:00:00,2309.600000
2026-04-20T12:00:00,2315.230000
2026-04-20T16:00:00,2333.040000
2026-04-20T20:00:00,2315.280000
2026-04-21T00:00:00,2312.840000
2026-04-21T04:00:00,2319.680000
2026-04-21T08:00:00,2321.200000
2026-04-21T12:00:00,2311.290000
2026-04-21T16:00:00,2299.340000
2026-04-21T20:00:00,2328.160000
2026-04-22T00:00:00,2364.620000
2026-04-22T04:00:00,2390.400000
2026-04-22T08:00:00,2399.500000
2026-04-22T12:00:00,2404.800000
2026-04-22T16:00:00,2398.700000
2026-04-22T20:00:00,2375.410000
2026-04-23T00:00:00,2342.000000
2026-04-23T04:00:00,2345.390000
2026-04-23T08:00:00,2330.080000
2026-04-23T12:00:00,2334.300000
2026-04-23T16:00:00,2314.130000
2026-04-23T20:00:00,2331.270000
2026-04-24T00:00:00,2309.570000
2026-04-24T04:00:00,2312.900000
2026-04-24T08:00:00,2329.060000
2026-04-24T12:00:00,2324.980000
2026-04-24T16:00:00,2322.350000
2026-04-24T20:00:00,2316.190000
2026-04-25T00:00:00,2319.490000
2026-04-25T04:00:00,2317.400000
2026-04-25T08:00:00,2314.700000
2026-04-25T12:00:00,2309.120000
2026-04-25T16:00:00,2310.810000
2026-04-25T20:00:00,2320.280000
2026-04-26T00:00:00,2311.000000
2026-04-26T04:00:00,2332.130000
2026-04-26T08:00:00,2336.760000
2026-04-26T12:00:00,2348.900000
2026-04-26T16:00:00,2368.550000
2026-04-26T20:00:00,2370.340000
2026-04-27T00:00:00,2395.530000
2026-04-27T04:00:00,2316.800000
2026-04-27T08:00:00,2320.660000
2026-04-27T12:00:00,2275.200000
2026-04-27T16:00:00,2289.350000
2026-04-27T20:00:00,2303.990000
2026-04-28T00:00:00,2291.020000
2026-04-28T04:00:00,2288.100000
2026-04-28T08:00:00,2275.300000
2026-04-28T12:00:00,2279.790000
2026-04-28T16:00:00,2302.000000
2026-04-28T20:00:00,2289.570000
2026-04-29T00:00:00,2311.630000
2026-04-29T04:00:00,2323.910000
2026-04-29T08:00:00,2331.870000
2026-04-29T12:00:00,2272.370000
2026-04-29T16:00:00,2233.360000
2026-04-29T20:00:00,2252.330000
2026-04-30T00:00:00,2252.740000
2026-04-30T04:00:00,2259.940000
2026-04-30T08:00:00,2257.760000
2026-04-30T12:00:00,2265.530000
2026-04-30T16:00:00,2261.650000
2026-04-30T20:00:00,2257.420000
2026-05-01T00:00:00,2282.690000
2026-05-01T04:00:00,2279.850000
2026-05-01T08:00:00,2286.460000
2026-05-01T12:00:00,2307.830000
2026-05-01T16:00:00,2304.900000
2026-05-01T20:00:00,2295.640000
2026-05-02T00:00:00,2304.150000
2026-05-02T04:00:00,2300.960000
2026-05-02T08:00:00,2302.330000
2026-05-02T12:00:00,2309.130000
2026-05-02T16:00:00,2311.270000
2026-05-02T20:00:00,2317.080000
2026-05-03T00:00:00,2302.040000
2026-05-03T04:00:00,2309.500000
2026-05-03T08:00:00,2319.800000
2026-05-03T12:00:00,2328.420000
2026-05-03T16:00:00,2335.500000
2026-05-03T20:00:00,2322.880000
2026-05-04T00:00:00,2385.090000
2026-05-04T04:00:00,2362.850000
2026-05-04T08:00:00,2337.360000
2026-05-04T12:00:00,2350.200000
2026-05-04T16:00:00,2356.220000
2026-05-04T20:00:00,2347.320000
2026-05-05T00:00:00,2382.380000
2026-05-05T04:00:00,2380.810000
2026-05-05T08:00:00,2379.850000
2026-05-05T12:00:00,2381.620000
2026-05-05T16:00:00,2372.020000
2026-05-05T20:00:00,2360.770000
2026-05-06T00:00:00,2376.830000
2026-05-06T04:00:00,2371.770000
2026-05-06T08:00:00,2410.720000
2026-05-06T12:00:00,2359.060000
2026-05-06T16:00:00,2348.610000
2026-05-06T20:00:00,2351.030000
2026-05-07T00:00:00,2322.420000
2026-05-07T04:00:00,2344.590000
2026-05-07T08:00:00,2330.060000
2026-05-07T12:00:00,2294.820000
2026-05-07T16:00:00,2296.150000
2026-05-07T20:00:00,2291.210000
2026-05-08T00:00:00,2278.930000
2026-05-08T04:00:00,2281.160000
2026-05-08T08:00:00,2295.440000
2026-05-08T12:00:00,2293.170000
2026-05-08T16:00:00,2316.170000
2026-05-08T20:00:00,2307.390000
2026-05-09T00:00:00,2315.530000
2026-05-09T04:00:00,2314.790000
2026-05-09T08:00:00,2314.790000
2026-05-09T12:00:00,2317.640000
2026-05-09T16:00:00,2332.320000
2026-05-09T20:00:00,2326.610000
2026-05-10T00:00:00,2327.690000
2026-05-10T04:00:00,2327.490000
2026-05-10T08:00:00,2322.740000
2026-05-10T12:00:00,2347.660000
2026-05-10T16:00:00,2365.470000
2026-05-10T20:00:00,2371.350000
2026-05-11T00:00:00,2330.420000
2026-05-11T04:00:00,2330.570000
2026-05-11T08:00:00,2335.930000
2026-05-11T12:00:00,2333.200000
2026-05-11T16:00:00,2340.350000
2026-05-11T20:00:00,2339.770000
2026-05-12T00:00:00,2309.220000
2026-05-12T04:00:00,2294.770000
2026-05-12T08:00:00,2286.780000
2026-05-12T12:00:00,2261.600000
2026-05-12T16:00:00,2285.140000
2026-05-12T20:00:00,2275.140000
2026-05-13T00:00:00,2301.600000
2026-05-13T04:00:00,2300.870000
2026-05-13T08:00:00,2301.640000
2026-05-13T12:00:00,2236.140000
2026-05-13T16:00:00,2256.110000
2026-05-13T20:00:00,2258.310000
2026-05-14T00:00:00,2241.710000
2026-05-14T04:00:00,2264.860000
2026-05-14T08:00:00,2253.290000
2026-05-14T12:00:00,2298.500000
2026-05-14T16:00:00,2298.690000
2026-05-14T20:00:00,2283.460000
2026-05-15T00:00:00,2273.230000
2026-05-15T04:00:00,2265.210000
2026-05-15T08:00:00,2257.610000
2026-05-15T12:00:00,2222.330000
2026-05-15T16:00:00,2222.610000
2026-05-15T20:00:00,2223.770000
2026-05-16T00:00:00,2227.160000
2026-05-16T04:00:00,2194.150000
2026-05-16T08:00:00,2175.790000
2026-05-16T12:00:00,2179.350000
2026-05-16T16:00:00,2179.170000
2026-05-16T20:00:00,2180.160000
2026-05-17T00:00:00,2181.110000
2026-05-17T04:00:00,2185.850000
2026-05-17T08:00:00,2191.560000
2026-05-17T12:00:00,2185.860000
2026-05-17T16:00:00,2191.870000
2026-05-17T20:00:00,2130.250000
2026-05-18T00:00:00,2117.830000
2026-05-18T04:00:00,2120.000000
2026-05-18T08:00:00,2133.270000
2026-05-18T12:00:00,2106.660000
2026-05-18T16:00:00,2124.000000
2026-05-18T20:00:00,2129.120000
2026-05-19T00:00:00,2130.140000
2026-05-19T04:00:00,2139.900000
2026-05-19T08:00:00,2109.520000
2026-05-19T12:00:00,2108.930000
2026-05-19T16:00:00,2111.810000
2026-05-19T20:00:00,2110.630000
2026-05-20T00:00:00,2109.990000
2026-05-20T04:00:00,2128.220000
2026-05-20T08:00:00,2126.850000
2026-05-20T12:00:00,2135.460000
2026-05-20T16:00:00,2137.830000
2026-05-20T20:00:00,2128.240000
2026-05-21T00:00:00,2144.400000
2026-05-21T04:00:00,2133.590000
2026-05-21T08:00:00,2113.490000
2026-05-21T12:00:00,2130.860000
2026-05-21T16:00:00,2141.240000
2026-05-21T20:00:00,2132.250000
2026-05-22T00:00:00,2136.550000
2026-05-22T04:00:00,2126.780000
2026-05-22T08:00:00,2129.110000
2026-05-22T12:00:00,2117.740000
2026-05-22T16:00:00,2063.800000
2026-05-22T20:00:00,2064.310000
2026-05-23T00:00:00,2068.870000
2026-05-23T04:00:00,2026.800000
2026-05-23T08:00:00,2029.810000
2026-05-23T12:00:00,2058.680000
2026-05-23T16:00:00,2075.690000
2026-05-23T20:00:00,2115.700000
2026-05-24T00:00:00,2117.110000
2026-05-24T04:00:00,2119.070000
2026-05-24T08:00:00,2124.330000
2026-05-24T12:00:00,2094.030000
2026-05-24T16:00:00,2098.700000
2026-05-24T20:00:00,2097.850000
2026-05-25T00:00:00,2093.690000
2026-05-25T04:00:00,2114.360000
2026-05-25T08:00:00,2113.560000
2026-05-25T12:00:00,2125.560000
2026-05-25T16:00:00,2120.080000
2026-05-25T20:00:00,2111.490000
2026-05-26T00:00:00,2091.720000
2026-05-26T04:00:00,2093.680000
2026-05-26T08:00:00,2119.150000
2026-05-26T12:00:00,2085.330000
2026-05-26T16:00:00,2071.930000
2026-05-26T20:00:00,2071.540000
2026-05-27T00:00:00,2067.470000
2026-05-27T04:00:00,2081.290000
2026-05-27T08:00:00,2078.190000
2026-05-27T12:00:00,2068.770000
2026-05-27T16:00:00,2054.630000
2026-05-27T20:00:00,2022.500000
2026-05-28T00:00:00,1979.210000
2026-05-28T04:00:00,1992.890000
2026-05-28T08:00:00,1987.450000
2026-05-28T12:00:00,1987.980000
2026-05-28T16:00:00,2012.450000
2026-05-28T20:00:00,2007.980000
2026-05-29T00:00:00,2000.830000
2026-05-29T04:00:00,2005.690000
2026-05-29T08:00:00,2005.630000
2026-05-29T12:00:00,2029.330000
2026-05-29T16:00:00,2015.280000
2026-05-29T20:00:00,2012.560000
2026-05-30T00:00:00,2014.950000
2026-05-30T04:00:00,2014.440000
2026-05-30T08:00:00,2015.520000
2026-05-30T12:00:00,2024.470000
2026-05-30T16:00:00,2026.560000
2026-05-30T20:00:00,2020.400000
2026-05-31T00:00:00,2031.370000
2026-05-31T04:00:00,2022.060000
2026-05-31T08:00:00,2021.180000
2026-05-31T12:00:00,2008.550000
2026-05-31T16:00:00,1997.610000
2026-05-31T20:00:00,2005.040000
2026-06-01T00:00:00,2007.290000
2026-06-01T04:00:00,1974.570000
2026-06-01T08:00:00,1979.960000
2026-06-01T12:00:00,1966.020000
2026-06-01T16:00:00,2003.010000
2026-06-01T20:00:00,2004.800000
2026-06-02T00:00:00,2001.720000
2026-06-02T04:00:00,1979.880000
2026-06-02T08:00:00,1976.600000
2026-06-02T12:00:00,1912.630000
2026-06-02T16:00:00,1910.040000
2026-06-02T20:00:00,1858.140000
2026-06-03T00:00:00,1826.220000
2026-06-03T04:00:00,1876.300000
2026-06-03T08:00:00,1876.450000
2026-06-03T12:00:00,1835.040000
2026-06-03T16:00:00,1801.690000
2026-06-03T20:00:00,1811.370000
2026-06-04T00:00:00,1807.820000
2026-06-04T04:00:00,1776.310000
2026-06-04T08:00:00,1750.100000
2026-06-04T12:00:00,1775.530000
2026-06-04T16:00:00,1775.220000
2026-06-04T20:00:00,1769.410000
2026-06-05T00:00:00,1728.500000
2026-06-05T04:00:00,1678.400000
2026-06-05T08:00:00,1662.540000
2026-06-05T12:00:00,1582.680000
2026-06-05T16:00:00,1573.600000
2026-06-05T20:00:00,1583.470000
2026-06-06T00:00:00,1563.100000
2026-06-06T04:00:00,1574.880000
2026-06-06T08:00:00,1558.630000
2026-06-06T12:00:00,1560.310000
2026-06-06T16:00:00,1554.290000
2026-06-06T20:00:00,1569.350000
2026-06-07T00:00:00,1594.800000
2026-06-07T04:00:00,1615.110000
2026-06-07T08:00:00,1630.000000
2026-06-07T12:00:00,1630.000000
2026-06-07T16:00:00,1613.120000
2026-06-07T20:00:00,1690.400000
2026-06-08T00:00:00,1679.480000
2026-06-08T04:00:00,1672.910000
2026-06-08T08:00:00,1682.950000
2026-06-08T12:00:00,1691.300000
2026-06-08T16:00:00,1684.810000
2026-06-08T20:00:00,1690.320000
2026-06-09T00:00:00,1669.220000
2026-06-09T04:00:00,1679.530000
2026-06-09T08:00:00,1671.410000
2026-06-09T12:00:00,1635.700000
2026-06-09T16:00:00,1656.490000
2026-06-09T20:00:00,1638.920000
2026-06-10T00:00:00,1630.110000
2026-06-10T04:00:00,1639.370000
2026-06-10T08:00:00,1619.250000
2026-06-10T12:00:00,1657.020000
2026-06-10T16:00:00,1628.810000
2026-06-10T20:00:00,1620.590000
2026-06-11T00:00:00,1652.190000
2026-06-11T04:00:00,1653.000000
2026-06-11T08:00:00,1665.520000
2026-06-11T12:00:00,1644.070000
2026-06-11T16:00:00,1679.980000
2026-06-11T20:00:00,1672.300000
2026-06-12T00:00:00,1671.320000
2026-06-12T04:00:00,1660.310000
2026-06-12T08:00:00,1672.340000
2026-06-12T12:00:00,1659.640000
2026-06-12T16:00:00,1665.440000
2026-06-12T20:00:00,1665.990000
2026-06-13T00:00:00,1664.720000
2026-06-13T04:00:00,1675.760000
2026-06-13T08:00:00,1677.760000
2026-06-13T12:00:00,1681.600000
2026-06-13T16:00:00,1677.970000
2026-06-13T20:00:00,1680.880000
2026-06-14T00:00:00,1681.460000
2026-06-14T04:00:00,1675.370000
2026-06-14T08:00:00,1673.190000
2026-06-14T12:00:00,1662.500000
2026-06-14T16:00:00,1664.790000
2026-06-14T20:00:00,1725.240000
2026-06-15T00:00:00,1720.500000
2026-06-15T04:00:00,1715.890000
2026-06-15T08:00:00,1764.000000
2026-06-15T12:00:00,1844.870000
2026-06-15T16:00:00,1821.580000
2026-06-15T20:00:00,1795.480000
2026-06-16T00:00:00,1778.590000
2026-06-16T04:00:00,1773.600000
2026-06-16T08:00:00,1798.560000
2026-06-16T12:00:00,1781.600000
2026-06-16T16:00:00,1794.280000
2026-06-16T20:00:00,1791.890000
2026-06-17T00:00:00,1792.320000
2026-06-17T04:00:00,1783.790000
2026-06-17T08:00:00,1762.920000
2026-06-17T12:00:00,1772.500000
2026-06-17T16:00:00,1733.830000
2026-06-17T20:00:00,1749.440000
2026-06-18T00:00:00,1742.680000
2026-06-18T04:00:00,1748.390000
2026-06-18T08:00:00,1742.010000
2026-06-18T12:00:00,1680.660000
2026-06-18T16:00:00,1704.090000
2026-06-18T20:00:00,1709.540000
2026-06-19T00:00:00,1696.300000
2026-06-19T04:00:00,1694.510000
2026-06-19T08:00:00,1690.710000
2026-06-19T12:00:00,1706.660000
2026-06-19T16:00:00,1700.120000
2026-06-19T20:00:00,1710.000000
2026-06-20T00:00:00,1706.940000
2026-06-20T04:00:00,1724.630000
2026-06-20T08:00:00,1725.890000
2026-06-20T12:00:00,1739.160000
2026-06-20T16:00:00,1727.760000
2026-06-20T20:00:00,1739.200000
2026-06-21T00:00:00,1736.300000
2026-06-21T04:00:00,1730.660000
2026-06-21T08:00:00,1723.740000
2026-06-21T12:00:00,1729.080000
2026-06-21T16:00:00,1732.540000
2026-06-21T20:00:00,1705.290000
2026-06-22T00:00:00,1728.630000
2026-06-22T04:00:00,1744.840000
2026-06-22T08:00:00,1766.340000
2026-06-22T12:00:00,1743.290000
2026-06-22T16:00:00,1733.060000
2026-06-22T20:00:00,1726.820000
2026-06-23T00:00:00,1728.340000
2026-06-23T04:00:00,1681.500000
2026-06-23T08:00:00,1659.380000
2026-06-23T12:00:00,1658.160000
2026-06-23T16:00:00,1660.800000
2026-06-23T20:00:00,1665.520000
2026-06-24T00:00:00,1665.060000
2026-06-24T04:00:00,1671.300000
2026-06-24T08:00:00,1677.510000
2026-06-24T12:00:00,1616.620000
2026-06-24T16:00:00,1582.700000
2026-06-24T20:00:00,1620.090000
2026-06-25T00:00:00,1617.430000
2026-06-25T04:00:00,1655.360000
2026-06-25T08:00:00,1631.420000
2026-06-25T12:00:00,1568.370000
2026-06-25T16:00:00,1557.590000
2026-06-25T20:00:00,1566.060000
2026-06-26T00:00:00,1556.310000
2026-06-26T04:00:00,1579.320000
2026-06-26T08:00:00,1543.570000
2026-06-26T12:00:00,1578.400000
2026-06-26T16:00:00,1572.670000
2026-06-26T20:00:00,1576.850000
2026-06-27T00:00:00,1578.760000
2026-06-27T04:00:00,1584.100000
2026-06-27T08:00:00,1582.000000
2026-06-27T12:00:00,1603.500000
2026-06-27T16:00:00,1576.500000
2026-06-27T20:00:00,1572.100000
2026-06-28T00:00:00,1573.490000
2026-06-28T04:00:00,1574.280000
2026-06-28T08:00:00,1581.090000
2026-06-28T12:00:00,1579.060000
2026-06-28T16:00:00,1562.970000
2026-06-28T20:00:00,1570.190000
2026-06-29T00:00:00,1582.750000
2026-06-29T04:00:00,1578.380000
2026-06-29T08:00:00,1573.150000
2026-06-29T12:00:00,1578.080000
2026-06-29T16:00:00,1623.770000
2026-06-29T20:00:00,1611.480000
2026-06-30T00:00:00,1585.350000
2026-06-30T04:00:00,1590.480000
2026-06-30T08:00:00,1576.790000
2026-06-30T12:00:00,1563.050000
2026-06-30T16:00:00,1578.780000
2026-06-30T20:00:00,1570.190000
2026-07-01T00:00:00,1592.900000
2026-07-01T04:00:00,1576.810000
2026-07-01T08:00:00,1568.470000
2026-07-01T12:00:00,1619.230000
2026-07-01T16:00:00,1617.110000
2026-07-01T20:00:00,1608.380000
2026-07-02T00:00:00,1638.170000
2026-07-02T04:00:00,1614.510000
2026-07-02T08:00:00,1648.740000
2026-07-02T12:00:00,1695.600000
2026-07-02T16:00:00,1698.820000
2026-07-02T20:00:00,1699.040000
2026-07-03T00:00:00,1704.880000
2026-07-03T04:00:00,1716.280000
2026-07-03T08:00:00,1740.910000
2026-07-03T12:00:00,1729.920000
2026-07-03T16:00:00,1744.180000
2026-07-03T20:00:00,1756.810000
2026-07-04T00:00:00,1752.620000
2026-07-04T04:00:00,1757.180000
2026-07-04T08:00:00,1756.860000
2026-07-04T12:00:00,1789.970000
2026-07-04T16:00:00,1791.560000
2026-07-04T20:00:00,1779.470000
2026-07-05T00:00:00,1760.390000
2026-07-05T04:00:00,1768.900000
2026-07-05T08:00:00,1758.900000
2026-07-05T12:00:00,1773.540000
2026-07-05T16:00:00,1780.210000
2026-07-05T20:00:00,1784.700000
2026-07-06T00:00:00,1778.350000
2026-07-06T04:00:00,1770.930000
2026-07-06T08:00:00,1758.260000
2026-07-06T12:00:00,1787.740000
2026-07-06T16:00:00,1791.930000
2026-07-06T20:00:00,1798.710000
2026-07-07T00:00:00,1770.480000
2026-07-07T04:00:00,1770.230000
2026-07-07T08:00:00,1779.500000
2026-07-07T12:00:00,1796.390000
2026-07-07T16:00:00,1789.670000
2026-07-07T20:00:00,1770.570000
2026-07-08T00:00:00,1750.470000
2026-07-08T04:00:00,1755.600000
2026-07-08T08:00:00,1746.800000
2026-07-08T12:00:00,1721.780000
2026-07-08T16:00:00,1740.030000
2026-07-08T20:00:00,1742.430000
2026-07-09T00:00:00,1729.530000
2026-07-09T04:00:00,1752.190000
2026-07-09T08:00:00,1742.710000
2026-07-09T12:00:00,1738.260000
2026-07-09T16:00:00,1747.520000
2026-07-09T20:00:00,1744.260000
2026-07-10T00:00:00,1775.160000
2026-07-10T04:00:00,1772.570000
2026-07-10T08:00:00,1800.320000
2026-07-10T12:00:00,1790.390000
2026-07-10T16:00:00,1791.880000
2026-07-10T20:00:00,1796.100000
2026-07-11T00:00:00,1795.690000
2026-07-11T04:00:00,1798.840000
2026-07-11T08:00:00,1799.110000
2026-07-11T12:00:00,1813.790000
2026-07-11T16:00:00,1823.540000
2026-07-11T20:00:00,1786.990000
2026-07-12T00:00:00,1810.650000
2026-07-12T04:00:00,1797.890000
2026-07-12T08:00:00,1802.900000
2026-07-12T12:00:00,1820.160000
2026-07-12T16:00:00,1820.530000
2026-07-12T20:00:00,1806.000000
2026-07-13T00:00:00,1779.840000
2026-07-13T04:00:00,1786.550000
2026-07-13T08:00:00,1779.530000
2026-07-13T12:00:00,1775.840000
2026-07-13T16:00:00,1773.390000
2026-07-13T20:00:00,1774.880000
2026-07-14T00:00:00,1781.930000
2026-07-14T04:00:00,1779.010000
2026-07-14T08:00:00,1796.350000
2026-07-14T12:00:00,1874.300000
2026-07-14T16:00:00,1875.850000
2026-07-14T20:00:00,1890.800000
2026-07-15T00:00:00,1875.080000
2026-07-15T04:00:00,1869.030000
2026-07-15T08:00:00,1883.250000
2026-07-15T12:00:00,1930.470000
2026-07-15T16:00:00,1923.040000
2026-07-15T20:00:00,1917.170000
2026-07-16T00:00:00,1917.530000
2026-07-16T04:00:00,1909.390000
2026-07-16T08:00:00,1883.950000
2026-07-16T12:00:00,1880.730000
2026-07-16T16:00:00,1874.370000
2026-07-16T20:00:00,1863.490000
2026-07-17T00:00:00,1851.250000
2026-07-17T04:00:00,1826.850000
2026-07-17T08:00:00,1837.700000
2026-07-17T12:00:00,1829.610000
2026-07-17T16:00:00,1842.810000
2026-07-17T20:00:00,1840.920000
2026-07-18T00:00:00,1844.830000
2026-07-18T04:00:00,1843.240000
2026-07-18T08:00:00,1844.360000
2026-07-18T12:00:00,1842.870000
2026-07-18T16:00:00,1857.540000
2026-07-18T20:00:00,1861.680000
2026-07-19T00:00:00,1866.230000
2026-07-19T04:00:00,1869.300000
2026-07-19T08:00:00,1870.310000
2026-07-19T12:00:00,1869.920000
2026-07-19T16:00:00,1861.320000
2026-07-19T20:00:00,1871.230000
2026-07-20T00:00:00,1878.640000
2026-07-20T04:00:00,1862.620000
2026-07-20T08:00:00,1891.560000
2026-07-20T12:00:00,1901.050000
2026-07-20T16:00:00,1897.530000
2026-07-20T20:00:00,1904.050000
2026-07-21T00:00:00,1925.640000
2026-07-21T04:00:00,1932.820000
2026-07-21T08:00:00,1934.670000
2026-07-21T12:00:00,1930.840000
2026-07-21T16:00:00,1922.500000
2026-07-21T20:00:00,1929.060000
2026-07-22T00:00:00,1927.490000
2026-07-22T04:00:00,1913.220000
2026-07-22T08:00:00,1926.110000
2026-07-22T12:00:00,1942.130000
2026-07-22T16:00:00,1924.220000
2026-07-22T20:00:00,1933.270000
2026-07-23T00:00:00,1919.640000
2026-07-23T04:00:00,1914.600000
2026-07-23T08:00:00,1925.180000
2026-07-23T12:00:00,1894.060000
2026-07-23T16:00:00,1874.240000
2026-07-23T20:00:00,1877.280000
2026-07-24T00:00:00,1879.330000
2026-07-24T04:00:00,1894.790000
2026-07-24T08:00:00,1882.680000
2026-07-24T12:00:00,1860.460000
2026-07-24T16:00:00,1862.250000
2026-07-24T20:00:00,1860.000000
2026-07-25T00:00:00,1857.180000
2026-07-25T04:00:00,1854.400000
2026-07-25T08:00:00,1856.220000
2026-07-25T12:00:00,1866.170000
2026-07-25T16:00:00,1873.150000
2026-07-25T20:00:00,1873.300000
2026-07-26T00:00:00,1880.650000
2026-07-26T04:00:00,1880.030000
2026-07-26T08:00:00,1884.350000
2026-07-26T12:00:00,1913.140000
2026-07-26T16:00:00,1912.600000
2026-07-26T20:00:00,1953.100000
2026-07-27T00:00:00,1948.180000
2026-07-27T04:00:00,1962.970000
2026-07-27T08:00:00,1958.190000
2026-07-27T12:00:00,1925.750000
2026-07-27T16:00:00,1946.780000
2026-07-27T20:00:00,1890.780000
2026-07-28T00:00:00,1879.560000
2026-07-28T04:00:00,1882.010000
2026-07-28T08:00:00,1875.050000
2026-07-28T12:00:00,1918.380000
2026-07-28T16:00:00,1920.390000
2026-07-28T20:00:00,1920.010000
2026-07-29T00:00:00,1890.480000
2026-07-29T04:00:00,1922.640000
2026-07-29T08:00:00,1913.420000
2026-07-29T12:00:00,1890.070000
2026-07-29T16:00:00,1886.870000
2026-07-29T20:00:00,1908.790000
2026-07-30T00:00:00,1908.120000
2026-07-30T04:00:00,1901.270000
2026-07-30T08:00:00,1921.110000
2026-07-30T12:00:00,1917.280000
2026-07-30T16:00:00,1922.330000
2026-07-30T20:00:00,1917.220000
2026-07-31T00:00:00,1907.620000
2026-07-31T04:00:00,1888.620000
2026-07-31T08:00:00,1882.910000
2026-07-31T12:00:00,1861.020000
2026-07-31T16:00:00,1866.780000
2026-07-31T20:00:00,1860.990000
2026-08-01T00:00:00,1868.360000
2026-08-01T04:00:00,1868.160000
2026-08-01T08:00:00,1865.500000
2026-08-01T12:00:00,1868.830000
2026-08-01T16:00:00,1836.110000
2026-08-01T20:00:00,1843.670000
2026-08-02T00:00:00,1876.140000
2026-08-02T04:00:00,1874.600000
2026-08-02T08:00:00,1851.160000
2026-08-02T12:00:00,1857.330000
2026-08-02T16:00:00,1880.660000
2026-08-02T20:00:00,1883.690000
2026-08-03T00:00:00,1855.140000
2026-08-03T04:00:00,1842.130000
2026-08-03T08:00:00,1837.800000
2026-08-03T12:00:00,1861.740000
2026-08-03T16:00:00,1868.590000
2026-08-03T20:00:00,1859.130000
2026-08-04T00:00:00,1863.000000
2026-08-04T04:00:00,1862.350000
2026-08-04T08:00:00,1871.260000
2026-08-04T12:00:00,1871.710000
2026-08-04T16:00:00,1874.190000
2026-08-04T20:00:00,1868.670000
2026-08-05T00:00:00,1866.730000
2026-08-05T04:00:00,1871.170000
2026-08-05T08:00:00,1867.530000
2026-08-05T12:00:00,1872.510000
2026-08-05T16:00:00,1915.540000
2026-08-05T20:00:00,1907.210000
2026-08-06T00:00:00,1897.260000
2026-08-06T04:00:00,1907.470000
2026-08-06T08:00:00,1905.990000
2026-08-06T12:00:00,1909.280000
2026-08-06T16:00:00,1908.400000
2026-08-06T20:00:00,1902.680000
2026-08-07T00:00:00,1895.980000
2026-08-07T04:00:00,1900.980000
2026-08-07T08:00:00,1914.920000
2026-08-07T12:00:00,1916.680000
2026-08-07T16:00:00,1917.910000
2026-08-07T20:00:00,1913.020000
2026-08-08T00:00:00,1917.050000
2026-08-08T04:00:00,1914.230000
2026-08-08T08:00:00,1919.770000
2026-08-08T12:00:00,1921.430000
2026-08-08T16:00:00,1919.070000
2026-08-08T20:00:00,1915.000000
2026-08-09T00:00:00,1912.650000
2026-08-09T04:00:00,1917.720000
2026-08-09T08:00:00,1917.880000
2026-08-09T12:00:00,1925.210000
2026-08-09T16:00:00,1920.780000
2026-08-09T20:00:00,1909.420000
2026-08-10T00:00:00,1916.190000
2026-08-10T04:00:00,1924.050000
2026-08-10T08:00:00,1919.150000
2026-08-10T12:00:00,1875.500000
2026-08-10T16:00:00,1876.880000
2026-08-10T20:00:00,1871.750000
2026-08-11T00:00:00,1879.330000
2026-08-11T04:00:00,1876.180000
2026-08-11T08:00:00,1891.560000
2026-08-11T12:00:00,1861.690000
2026-08-11T16:00:00,1880.330000
2026-08-11T20:00:00,1881.200000
2026-08-12T00:00:00,1885.170000
2026-08-12T04:00:00,1890.190000
2026-08-12T08:00:00,1914.200000
2026-08-12T12:00:00,1891.060000
2026-08-12T16:00:00,1877.650000
2026-08-12T20:00:00,1878.090000
2026-08-13T00:00:00,1885.740000
2026-08-13T04:00:00,1893.970000
2026-08-13T08:00:00,1878.790000
2026-08-13T12:00:00,1878.390000
2026-08-13T16:00:00,1885.760000
2026-08-13T20:00:00,1884.750000
2026-08-14T00:00:00,1881.480000
2026-08-14T04:00:00,1871.600000
2026-08-14T08:00:00,1876.360000
2026-08-14T12:00:00,1879.620000
2026-08-14T16:00:00,1879.110000
2026-08-14T20:00:00,1880.550000
2026-08-15T00:00:00,1881.140000
2026-08-15T04:00:00,1878.660000
2026-08-15T08:00:00,1877.720000
2026-08-15T12:00:00,1883.220000
2026-08-15T16:00:00,1882.720000
2026-08-15T20:00:00,1881.000000
2026-08-16T00:00:00,1881.350000
2026-08-16T04:00:00,1879.720000
2026-08-16T08:00:00,1879.090000
2026-08-16T12:00:00,1882.260000
2026-08-16T16:00:00,1884.170000
2026-08-16T20:00:00,1874.400000
2026-08-17T00:00:00,1899.390000
2026-08-17T04:00:00,1899.230000
2026-08-17T08:00:00,1902.940000
2026-08-17T12:00:00,1911.570000
2026-08-17T16:00:00,1905.930000
2026-08-17T20:00:00,1912.060000
2026-08-18T00:00:00,1893.240000
2026-08-18T04:00:00,1897.040000
2026-08-18T08:00:00,1901.520000
2026-08-18T12:00:00,1916.470000
2026-08-18T16:00:00,1912.290000
2026-08-18T20:00:00,1916.810000
2026-08-19T00:00:00,1910.810000
2026-08-19T04:00:00,1914.610000
2026-08-19T08:00:00,1921.700000
2026-08-19T12:00:00,2084.710000
2026-08-19T16:00:00,2101.430000
2026-08-19T20:00:00,2251.720000
2026-08-20T00:00:00,2249.480000
2026-08-20T04:00:00,2250.380000
2026-08-20T08:00:00,2294.680000
2026-08-20T12:00:00,2324.960000
2026-08-20T16:00:00,2323.190000
2026-08-20T20:00:00,2326.350000
2026-08-21T00:00:00,2339.950000
2026-08-21T04:00:00,2370.710000
2026-08-21T08:00:00,2370.050000
2026-08-21T12:00:00,2392.530000
2026-08-21T16:00:00,2412.810000
2026-08-21T20:00:00,2515.760000
2026-08-22T00:00:00,2514.580000
2026-08-22T04:00:00,2432.910000
2026-08-22T08:00:00,2423.630000
2026-08-22T12:00:00,2410.640000
2026-08-22T16:00:00,2439.050000
2026-08-22T20:00:00,2422.210000
2026-08-23T00:00:00,2413.850000
2026-08-23T04:00:00,2388.510000
2026-08-23T08:00:00,2433.320000
2026-08-23T12:00:00,2438.230000
2026-08-23T16:00:00,2444.700000
2026-08-23T20:00:00,2463.160000
2026-08-24T00:00:00,2430.650000
2026-08-24T04:00:00,2454.720000
2026-08-24T08:00:00,2493.980000
2026-08-24T12:00:00,2487.440000
2026-08-24T16:00:00,2471.100000
2026-08-24T20:00:00,2482.080000
2026-08-25T00:00:00,2498.730000
2026-08-25T04:00:00,2478.050000
2026-08-25T08:00:00,2477.790000
2026-08-25T12:00:00,2482.840000
2026-08-25T16:00:00,2463.400000
2026-08-25T20:00:00,2442.340000
2026-08-26T00:00:00,2465.100000
2026-08-26T04:00:00,2461.330000
2026-08-26T08:00:00,2462.530000
2026-08-26T12:00:00,2449.820000
2026-08-26T16:00:00,2470.620000
2026-08-26T20:00:00,2506.670000
2026-08-27T00:00:00,2492.500000
2026-08-27T04:00:00,2496.770000
2026-08-27T08:00:00,2501.600000
2026-08-27T12:00:00,2521.960000
2026-08-27T16:00:00,2498.320000
2026-08-27T20:00:00,2511.290000
2026-08-28T00:00:00,2490.650000
2026-08-28T04:00:00,2496.640000
2026-08-28T08:00:00,2505.230000
2026-08-28T12:00:00,2472.160000
2026-08-28T16:00:00,2435.520000
2026-08-28T20:00:00,2442.890000
2026-08-29T00:00:00,2435.330000
2026-08-29T04:00:00,2436.430000
2026-08-29T08:00:00,2436.060000
2026-08-29T12:00:00,2444.650000
2026-08-29T16:00:00,2453.590000
2026-08-29T20:00:00,2457.800000
2026-08-30T00:00:00,2457.280000
2026-08-30T04:00:00,2455.310000
2026-08-30T08:00:00,2460.300000
2026-08-30T12:00:00,2481.040000
2026-08-30T16:00:00,2503.750000
2026-08-30T20:00:00,2416.450000
2026-08-31T00:00:00,2420.630000
2026-08-31T04:00:00,2440.200000
2026-08-31T08:00:00,2445.440000
2026-08-31T12:00:00,2467.100000
2026-08-31T16:00:00,2481.560000
2026-08-31T20:00:00,2466.940000
2026-09-01T00:00:00,2471.570000
2026-09-01T04:00:00,2472.280000
2026-09-01T08:00:00,2458.600000
2026-09-01T12:00:00,2448.210000
2026-09-01T16:00:00,2418.460000
2026-09-01T20:00:00,2417.480000
2026-09-02T00:00:00,2413.580000
2026-09-02T04:00:00,2416.960000
2026-09-02T08:00:00,2380.860000
2026-09-02T12:00:00,2389.900000
2026-09-02T16:00:00,2392.410000
2026-09-02T20:00:00,2391.310000
2026-09-03T00:00:00,2402.540000
2026-09-03T04:00:00,2397.510000
2026-09-03T08:00:00,2406.410000
2026-09-03T12:00:00,2517.010000
2026-09-03T16:00:00,2518.670000
2026-09-03T20:00:00,2507.840000
2026-09-04T00:00:00,2505.120000
2026-09-04T04:00:00,2504.530000
2026-09-04T08:00:00,2523.200000
2026-09-04T12:00:00,2452.320000
2026-09-04T16:00:00,2456.370000
2026-09-04T20:00:00,2456.690000
2026-09-05T00:00:00,2453.330000
2026-09-05T04:00:00,2458.040000
2026-09-05T08:00:00,2454.120000
2026-09-05T12:00:00,2460.490000
2026-09-05T16:00:00,2478.020000
2026-09-05T20:00:00,2480.720000
2026-09-06T00:00:00,2509.990000
2026-09-06T04:00:00,2497.270000
2026-09-06T08:00:00,2502.110000
2026-09-06T12:00:00,2479.810000
2026-09-06T16:00:00,2490.600000
2026-09-06T20:00:00,2514.590000
2026-09-07T00:00:00,2497.330000
2026-09-07T04:00:00,2489.340000
2026-09-07T08:00:00,2489.220000
2026-09-07T12:00:00,2470.080000
2026-09-07T16:00:00,2495.780000
2026-09-07T20:00:00,2489.920000
2026-09-08T00:00:00,2485.620000
2026-09-08T04:00:00,2479.240000
2026-09-08T08:00:00,2474.090000
2026-09-08T12:00:00,2498.530000
2026-09-08T16:00:00,2482.270000
2026-09-08T20:00:00,2485.070000
2026-09-09T00:00:00,2488.910000
2026-09-09T04:00:00,2510.480000
2026-09-09T08:00:00,2500.380000
2026-09-09T12:00:00,2489.780000
2026-09-09T16:00:00,2465.230000
2026-09-09T20:00:00,2467.800000
2026-09-10T00:00:00,2474.640000
2026-09-10T04:00:00,2472.350000
2026-09-10T08:00:00,2461.570000
2026-09-10T12:00:00,2441.000000
2026-09-10T16:00:00,2461.910000
2026-09-10T20:00:00,2437.720000
2026-09-11T00:00:00,2446.600000
2026-09-11T04:00:00,2466.990000
2026-09-11T08:00:00,2457.500000
2026-09-11T12:00:00,2558.980000
2026-09-11T16:00:00,2539.260000
2026-09-11T20:00:00,2516.440000
2026-09-12T00:00:00,2513.260000
2026-09-12T04:00:00,2523.910000
2026-09-12T08:00:00,2536.200000
2026-09-12T12:00:00,2534.720000
2026-09-12T16:00:00,2519.290000
2026-09-12T20:00:00,2522.760000
